{"cameraMode":{"drawMode":0,"name":"Shaded","section":"Shading Mode"},"sceneLighting":true,"audioPlay":false,"sceneViewState":{"m_AlwaysRefresh":false,"showFog":true,"showSkybox":true,"showFlares":true,"showImageEffects":true,"showParticleSystems":true,"showVisualEffectGraphs":true,"m_FxEnabled":true},"in2DMode":false,"pivot":{"x":3.7815322875976564,"y":1.3543181419372559,"z":-5.099999904632568},"rotation":{"x":-0.19413158297538758,"y":-0.5808719396591187,"z":0.14511294662952424,"w":-0.7770803570747376},"size":10.444472312927246,"orthographic":false}